t_ms,qw,qx,qy,qz,err_deg,wx,wy,wz,tx,ty,tz,loop_us
102,0.969,0.000,0.250,-0.000,93.45,0.01,5.00,-0.00,12.28,-48.36,9.56,2176
117,0.959,0.001,0.285,-0.000,94.51,0.18,4.66,0.04,11.42,-46.40,10.36,2048
133,0.949,0.003,0.317,-0.000,95.39,0.35,4.29,0.09,10.56,-44.08,10.98,2040
148,0.938,0.007,0.348,-0.000,96.15,0.51,3.96,0.13,9.70,-42.09,11.60,2044
163,0.927,0.011,0.374,-0.001,96.82,0.65,3.64,0.18,8.92,-40.11,12.03,2048
178,0.917,0.017,0.398,-0.001,97.32,0.78,3.32,0.23,8.20,-38.02,12.32,2044
193,0.907,0.024,0.422,-0.001,97.68,0.90,3.04,0.28,7.49,-36.23,12.61,2052
208,0.897,0.031,0.441,-0.002,97.93,0.99,2.77,0.33,6.84,-34.46,12.75,2040
224,0.888,0.040,0.459,-0.002,98.03,1.08,2.49,0.38,6.24,-32.50,12.76,2040
239,0.879,0.049,0.474,-0.003,98.01,1.17,2.26,0.43,5.66,-31.01,12.75,2040
254,0.870,0.059,0.489,-0.003,97.85,1.24,2.04,0.48,5.12,-29.48,12.69,2048
270,0.863,0.069,0.501,-0.003,97.59,1.30,1.82,0.54,4.63,-28.00,12.49,2052
285,0.855,0.080,0.512,-0.004,97.21,1.36,1.61,0.59,4.15,-26.47,12.27,2048
301,0.848,0.092,0.522,-0.004,96.64,1.41,1.42,0.64,3.70,-25.14,12.03,2044
316,0.842,0.104,0.530,-0.005,96.09,1.45,1.25,0.69,3.29,-23.86,11.71,2044
331,0.836,0.116,0.536,-0.005,95.39,1.49,1.07,0.74,2.89,-22.55,11.30,2040
347,0.831,0.129,0.542,-0.006,94.51,1.53,0.92,0.79,2.52,-21.41,10.92,2044
362,0.825,0.142,0.547,-0.006,93.67,1.55,0.78,0.84,2.17,-20.31,10.49,2044
377,0.821,0.156,0.550,-0.006,92.71,1.58,0.64,0.89,1.83,-19.20,10.00,2036
393,0.816,0.170,0.552,-0.007,91.55,1.60,0.52,0.94,1.51,-18.22,9.53,2036
408,0.812,0.184,0.554,-0.007,90.47,1.62,0.40,0.98,1.21,-17.30,9.04,2032
423,0.808,0.198,0.554,-0.007,89.28,1.63,0.30,1.03,0.93,-16.42,8.49,2040
439,0.805,0.212,0.554,-0.007,88.03,1.64,0.19,1.07,0.66,-15.53,7.97,2052
453,0.802,0.228,0.553,-0.007,86.61,1.65,0.10,1.11,0.39,-14.75,7.45,2048
468,0.798,0.242,0.551,-0.007,85.27,1.65,0.02,1.14,0.14,-14.00,6.91,2052
484,0.795,0.257,0.549,-0.007,83.85,1.66,-0.06,1.18,-0.10,-13.30,6.35,2048
499,0.793,0.272,0.546,-0.007,82.39,1.66,-0.13,1.21,-0.33,-12.59,5.81,2036
515,0.790,0.287,0.542,-0.007,80.77,1.66,-0.20,1.24,-0.56,-11.96,5.27,2040
530,0.787,0.302,0.538,-0.006,79.25,1.65,-0.26,1.27,-0.77,-11.36,4.74,2040
545,0.784,0.317,0.533,-0.006,77.69,1.65,-0.32,1.30,-0.96,-10.77,4.19,2036
561,0.782,0.332,0.527,-0.006,76.09,1.64,-0.36,1.33,-1.15,-10.22,3.66,2028
576,0.779,0.348,0.522,-0.005,74.36,1.63,-0.41,1.35,-1.35,-9.72,3.16,2036
591,0.776,0.362,0.515,-0.005,72.72,1.62,-0.45,1.37,-1.52,-9.23,2.64,2028
607,0.774,0.377,0.509,-0.004,71.06,1.60,-0.49,1.38,-1.68,-8.75,2.15,2040
621,0.771,0.392,0.501,-0.004,69.39,1.59,-0.52,1.40,-1.84,-8.30,1.66,2040
636,0.768,0.407,0.494,-0.003,67.60,1.57,-0.55,1.41,-2.01,-7.89,1.19,2036
652,0.766,0.421,0.486,-0.003,65.91,1.55,-0.57,1.42,-2.15,-7.49,0.74,2032
667,0.763,0.435,0.478,-0.002,64.23,1.54,-0.60,1.43,-2.28,-7.09,0.30,2032
683,0.760,0.449,0.470,-0.001,62.54,1.51,-0.62,1.44,-2.40,-6.73,-0.13,2032
698,0.757,0.464,0.461,-0.000,60.54,1.49,-0.64,1.44,-2.54,-6.37,-0.56,2032
713,0.754,0.477,0.452,0.001,59.07,1.47,-0.65,1.44,-2.64,-6.03,-0.95,2036
728,0.751,0.490,0.443,0.001,57.40,1.44,-0.67,1.44,-2.73,-5.71,-1.33,2036
743,0.748,0.503,0.434,0.002,55.75,1.41,-0.68,1.44,-2.79,-5.39,-1.69,2036
758,0.744,0.515,0.425,0.003,54.11,1.39,-0.69,1.44,-2.91,-5.09,-2.04,2036
774,0.741,0.528,0.415,0.004,52.34,1.36,-0.70,1.43,-2.99,-4.79,-2.40,2044
789,0.738,0.540,0.405,0.005,50.78,1.33,-0.71,1.43,-3.06,-4.51,-2.71,2044
804,0.734,0.551,0.396,0.006,49.19,1.30,-0.71,1.42,-3.12,-4.23,-3.00,2032
820,0.731,0.563,0.386,0.007,47.64,1.26,-0.72,1.41,-3.17,-3.97,-3.29,2036
835,0.728,0.574,0.375,0.008,45.95,1.23,-0.72,1.40,-3.22,-3.70,-3.58,2044
849,0.724,0.585,0.365,0.009,44.49,1.20,-0.73,1.38,-3.26,-3.45,-3.83,2048
865,0.721,0.595,0.355,0.010,43.01,1.16,-0.73,1.37,-3.29,-3.21,-4.05,2040
880,0.717,0.605,0.346,0.012,41.56,1.13,-0.73,1.35,-3.30,-2.98,-4.27,2044
896,0.714,0.614,0.335,0.013,40.14,1.09,-0.73,1.33,-3.32,-2.73,-4.50,2036
911,0.711,0.624,0.325,0.014,38.66,1.06,-0.73,1.31,-3.34,-2.51,-4.68,2036
926,0.707,0.633,0.315,0.015,37.30,1.02,-0.73,1.29,-3.34,-2.30,-4.84,2036
942,0.704,0.641,0.305,0.016,35.98,0.98,-0.72,1.27,-3.33,-2.09,-4.99,2032
957,0.701,0.649,0.295,0.017,34.69,0.95,-0.72,1.25,-3.32,-1.87,-5.16,2040
971,0.697,0.657,0.285,0.018,33.36,0.91,-0.72,1.23,-3.31,-1.67,-5.29,2040
987,0.694,0.665,0.275,0.019,32.14,0.87,-0.71,1.21,-3.29,-1.48,-5.40,2048
1002,0.691,0.672,0.266,0.020,30.96,0.83,-0.71,1.18,-3.25,-1.30,-5.48,2040
1017,0.688,0.678,0.256,0.020,29.82,0.80,-0.71,1.16,-3.22,-1.10,-5.59,2040
1033,0.685,0.685,0.246,0.021,28.64,0.76,-0.70,1.13,-3.20,-0.93,-5.66,2044
1048,0.683,0.691,0.237,0.022,27.57,0.73,-0.70,1.10,-3.15,-0.76,-5.70,2040
1063,0.680,0.696,0.228,0.023,26.54,0.69,-0.69,1.08,-3.10,-0.60,-5.75,2036
1079,0.677,0.702,0.219,0.024,25.42,0.65,-0.68,1.05,-3.05,-0.42,-5.81,2032
1094,0.675,0.707,0.210,0.024,24.52,0.62,-0.68,1.02,-3.00,-0.27,-5.83,2040
1110,0.672,0.712,0.201,0.025,23.60,0.58,-0.67,1.00,-2.94,-0.12,-5.82,2048
1125,0.670,0.716,0.193,0.025,22.71,0.55,-0.66,0.97,-2.87,0.01,-5.82,2056
1139,0.668,0.721,0.184,0.026,21.75,0.51,-0.65,0.94,-2.82,0.16,-5.84,2044
1155,0.666,0.725,0.175,0.026,20.99,0.48,-0.65,0.91,-2.75,0.29,-5.82,2044
1170,0.664,0.728,0.167,0.027,20.21,0.45,-0.64,0.88,-2.68,0.41,-5.77,2040
1185,0.662,0.731,0.159,0.027,19.47,0.41,-0.63,0.86,-2.60,0.55,-5.77,2040
1201,0.661,0.735,0.151,0.027,18.71,0.38,-0.62,0.83,-2.54,0.65,-5.71,2040
1216,0.659,0.738,0.144,0.028,18.03,0.35,-0.61,0.80,-2.46,0.76,-5.61,2040
1231,0.658,0.740,0.137,0.028,17.39,0.32,-0.60,0.77,-2.38,0.85,-5.58,2032
1247,0.657,0.743,0.129,0.028,16.77,0.29,-0.59,0.75,-2.30,0.96,-5.53,2032
1262,0.655,0.745,0.122,0.028,16.15,0.26,-0.58,0.72,-2.23,1.05,-5.46,2036
1277,0.654,0.747,0.116,0.028,15.59,0.23,-0.57,0.69,-2.15,1.13,-5.36,2036
1293,0.653,0.749,0.109,0.028,15.06,0.20,-0.56,0.66,-2.07,1.20,-5.28,2044
1307,0.653,0.750,0.102,0.028,14.56,0.18,-0.55,0.64,-1.99,1.29,-5.21,2040
1323,0.652,0.752,0.096,0.028,14.06,0.15,-0.54,0.61,-1.91,1.35,-5.11,2036
1338,0.651,0.753,0.090,0.028,13.61,0.13,-0.53,0.59,-1.83,1.41,-5.00,2036
1353,0.651,0.754,0.084,0.027,13.18,0.10,-0.51,0.56,-1.75,1.46,-4.90,2036
1369,0.651,0.755,0.078,0.027,12.73,0.08,-0.50,0.54,-1.67,1.52,-4.81,2036
1384,0.650,0.756,0.073,0.027,12.37,0.06,-0.49,0.51,-1.60,1.56,-4.70,2040
1399,0.650,0.756,0.068,0.027,12.00,0.04,-0.48,0.49,-1.52,1.58,-4.57,2032
1415,0.650,0.757,0.063,0.026,11.66,0.02,-0.46,0.47,-1.44,1.63,-4.46,2032
1430,0.650,0.757,0.058,0.026,11.31,0.00,-0.45,0.44,-1.36,1.67,-4.36,2044
1444,0.650,0.757,0.053,0.025,10.99,-0.02,-0.44,0.42,-1.29,1.69,-4.24,2040
1460,0.651,0.757,0.049,0.025,10.70,-0.03,-0.43,0.40,-1.22,1.71,-4.11,2040
1475,0.651,0.757,0.044,0.024,10.42,-0.05,-0.41,0.38,-1.14,1.72,-3.99,2040
1490,0.651,0.757,0.040,0.024,10.15,-0.06,-0.40,0.36,-1.07,1.74,-3.89,2040
1506,0.652,0.757,0.036,0.023,9.87,-0.08,-0.39,0.34,-1.01,1.74,-3.77,2040
1521,0.652,0.757,0.032,0.023,9.62,-0.09,-0.38,0.32,-0.94,1.75,-3.63,2044
1537,0.653,0.756,0.029,0.022,9.38,-0.11,-0.36,0.30,-0.87,1.74,-3.52,2032
1552,0.654,0.756,0.025,0.022,9.15,-0.12,-0.35,0.28,-0.81,1.74,-3.41,2036
1567,0.654,0.756,0.022,0.021,8.91,-0.13,-0.34,0.26,-0.75,1.73,-3.29,2048
1582,0.655,0.755,0.019,0.021,8.70,-0.14,-0.32,0.25,-0.69,1.72,-3.18,2044
1597,0.656,0.754,0.016,0.020,8.49,-0.15,-0.31,0.23,-0.63,1.70,-3.05,2040
1612,0.657,0.754,0.013,0.019,8.29,-0.16,-0.30,0.21,-0.57,1.69,-2.93,2044
1628,0.658,0.753,0.010,0.019,8.15,-0.16,-0.29,0.20,-0.52,1.67,-2.83,2040
1643,0.659,0.752,0.008,0.018,7.89,-0.17,-0.27,0.19,-0.47,1.65,-2.72,2040
1658,0.660,0.751,0.006,0.017,7.71,-0.18,-0.26,0.17,-0.42,1.63,-2.60,2032
1673,0.661,0.750,0.003,0.017,7.53,-0.18,-0.25,0.16,-0.37,1.59,-2.49,2048
1688,0.662,0.750,0.001,0.016,7.35,-0.19,-0.24,0.14,-0.32,1.57,-2.39,2044
1703,0.663,0.749,-0.001,0.015,7.26,-0.19,-0.23,0.13,-0.28,1.54,-2.29,2048
1719,0.664,0.748,-0.003,0.015,6.99,-0.20,-0.22,0.12,-0.24,1.51,-2.19,2044
1734,0.665,0.747,-0.004,0.014,6.82,-0.20,-0.21,0.11,-0.20,1.47,-2.08,2044
1750,0.666,0.746,-0.006,0.014,6.66,-0.20,-0.19,0.10,-0.16,1.43,-1.98,2032
1765,0.667,0.745,-0.008,0.013,6.49,-0.21,-0.18,0.09,-0.12,1.40,-1.89,2040
1779,0.668,0.744,-0.009,0.012,6.43,-0.21,-0.17,0.08,-0.09,1.37,-1.80,2044
1795,0.670,0.742,-0.010,0.012,6.16,-0.21,-0.16,0.07,-0.05,1.33,-1.71,2044
1810,0.671,0.741,-0.011,0.011,6.01,-0.21,-0.15,0.06,-0.02,1.29,-1.61,2040
1825,0.672,0.740,-0.012,0.011,5.86,-0.21,-0.14,0.05,0.01,1.25,-1.53,2044
1841,0.673,0.739,-0.013,0.010,5.70,-0.21,-0.13,0.04,0.03,1.21,-1.45,2040
1856,0.674,0.738,-0.014,0.010,5.67,-0.21,-0.12,0.04,0.06,1.17,-1.37,2036
1870,0.675,0.737,-0.015,0.009,5.40,-0.21,-0.12,0.03,0.09,1.13,-1.29,2048
1886,0.677,0.736,-0.016,0.009,5.25,-0.21,-0.11,0.02,0.11,1.09,-1.21,2044
1901,0.678,0.735,-0.017,0.008,5.11,-0.20,-0.10,0.02,0.13,1.05,-1.14,2044
1916,0.679,0.734,-0.017,0.008,4.96,-0.20,-0.09,0.01,0.15,1.01,-1.07,2040
1932,0.680,0.733,-0.018,0.007,4.95,-0.20,-0.08,0.00,0.17,0.97,-1.00,2032
1947,0.681,0.732,-0.018,0.007,4.68,-0.20,-0.08,-0.00,0.18,0.93,-0.93,2036
1961,0.682,0.731,-0.018,0.006,4.54,-0.20,-0.07,-0.01,0.20,0.89,-0.87,2040
1977,0.683,0.730,-0.019,0.006,4.41,-0.19,-0.06,-0.01,0.21,0.85,-0.81,2036
1992,0.684,0.729,-0.019,0.005,4.27,-0.19,-0.06,-0.01,0.22,0.81,-0.75,2044
2008,0.685,0.728,-0.019,0.005,4.14,-0.19,-0.05,-0.02,0.23,0.78,-0.69,2044
2023,0.686,0.727,-0.019,0.004,4.02,-0.18,-0.04,-0.02,0.25,0.74,-0.64,2036
2038,0.687,0.726,-0.019,0.004,3.88,-0.18,-0.04,-0.02,0.25,0.71,-0.59,2044
2053,0.688,0.725,-0.019,0.004,3.76,-0.17,-0.03,-0.03,0.26,0.67,-0.53,2044
2068,0.689,0.724,-0.019,0.003,3.64,-0.17,-0.03,-0.03,0.27,0.63,-0.49,2040
2083,0.690,0.723,-0.019,0.003,3.52,-0.17,-0.02,-0.03,0.27,0.60,-0.44,2040
2099,0.691,0.723,-0.019,0.003,3.56,-0.16,-0.02,-0.04,0.28,0.57,-0.40,2036
2114,0.692,0.722,-0.019,0.002,3.28,-0.16,-0.01,-0.04,0.28,0.54,-0.36,2044
2129,0.693,0.721,-0.019,0.002,3.17,-0.15,-0.01,-0.04,0.29,0.50,-0.32,2044
2144,0.694,0.720,-0.019,0.002,3.06,-0.15,-0.00,-0.04,0.29,0.47,-0.28,2040
2159,0.694,0.719,-0.019,0.002,2.95,-0.14,-0.00,-0.04,0.29,0.44,-0.24,2044
2174,0.695,0.719,-0.018,0.001,2.85,-0.14,0.00,-0.04,0.29,0.41,-0.21,2044
2190,0.696,0.718,-0.018,0.001,2.90,-0.14,0.01,-0.04,0.29,0.39,-0.18,2048
2205,0.697,0.717,-0.018,0.001,2.64,-0.13,0.01,-0.05,0.29,0.36,-0.15,2036
2220,0.697,0.717,-0.018,0.001,2.55,-0.13,0.01,-0.05,0.29,0.33,-0.12,2048
2235,0.698,0.716,-0.017,0.001,2.45,-0.12,0.01,-0.05,0.29,0.31,-0.09,2048
2250,0.699,0.715,-0.017,0.000,2.36,-0.12,0.02,-0.05,0.29,0.28,-0.07,2044
2266,0.699,0.715,-0.017,0.000,2.27,-0.11,0.02,-0.05,0.28,0.26,-0.04,2044
2281,0.700,0.714,-0.016,0.000,2.18,-0.11,0.02,-0.05,0.28,0.24,-0.02,2036
2296,0.701,0.713,-0.016,-0.000,2.09,-0.11,0.02,-0.05,0.28,0.22,0.00,2044
2311,0.701,0.713,-0.015,-0.000,2.02,-0.10,0.02,-0.05,0.27,0.20,0.02,2044
2326,0.702,0.712,-0.015,-0.000,1.94,-0.10,0.03,-0.05,0.27,0.17,0.04,2052
2341,0.702,0.712,-0.015,-0.000,1.86,-0.09,0.03,-0.05,0.27,0.16,0.06,2052
2357,0.703,0.711,-0.014,-0.001,1.79,-0.09,0.03,-0.05,0.26,0.14,0.07,2048
2372,0.703,0.711,-0.014,-0.001,1.87,-0.08,0.03,-0.05,0.26,0.12,0.09,2052
2386,0.704,0.711,-0.013,-0.001,1.65,-0.08,0.03,-0.05,0.25,0.10,0.10,2044
2402,0.704,0.710,-0.013,-0.001,1.58,-0.08,0.03,-0.05,0.25,0.09,0.11,2048
2417,0.704,0.710,-0.013,-0.001,1.51,-0.07,0.03,-0.05,0.24,0.07,0.13,2048
2433,0.705,0.709,-0.012,-0.001,1.45,-0.07,0.03,-0.04,0.23,0.06,0.14,2044
2448,0.705,0.709,-0.012,-0.001,1.39,-0.07,0.03,-0.04,0.23,0.05,0.15,2048
2462,0.705,0.709,-0.011,-0.001,1.48,-0.06,0.03,-0.04,0.22,0.03,0.16,2048
2478,0.706,0.708,-0.011,-0.001,1.28,-0.06,0.03,-0.04,0.22,0.02,0.16,2048
2493,0.706,0.708,-0.011,-0.001,1.23,-0.06,0.03,-0.04,0.21,0.01,0.17,2048
2508,0.706,0.708,-0.010,-0.001,1.17,-0.05,0.03,-0.04,0.20,0.00,0.18,2048
2524,0.707,0.707,-0.010,-0.001,1.13,-0.05,0.03,-0.04,0.20,-0.01,0.18,2056
2538,0.707,0.707,-0.009,-0.001,1.08,-0.05,0.03,-0.04,0.19,-0.02,0.19,2052
2553,0.707,0.707,-0.009,-0.001,1.16,-0.04,0.03,-0.04,0.19,-0.03,0.19,2048
2569,0.707,0.707,-0.009,-0.001,0.99,-0.04,0.03,-0.04,0.18,-0.03,0.19,2048
2584,0.708,0.707,-0.008,-0.001,0.95,-0.04,0.03,-0.04,0.17,-0.04,0.20,2040
2599,0.708,0.706,-0.008,-0.001,0.91,-0.04,0.03,-0.04,0.17,-0.05,0.20,2048
2614,0.708,0.706,-0.007,-0.001,0.88,-0.03,0.03,-0.03,0.16,-0.05,0.20,2052
2629,0.708,0.706,-0.007,-0.001,0.84,-0.03,0.03,-0.03,0.15,-0.06,0.20,2052
2644,0.708,0.706,-0.007,-0.001,0.81,-0.03,0.03,-0.03,0.15,-0.07,0.20,2048
2660,0.708,0.706,-0.006,-0.001,0.87,-0.03,0.03,-0.03,0.14,-0.07,0.20,2040
2675,0.709,0.706,-0.006,-0.001,0.73,-0.02,0.03,-0.03,0.14,-0.07,0.20,2048
2690,0.709,0.705,-0.006,-0.001,0.71,-0.02,0.03,-0.03,0.13,-0.08,0.20,2044
2705,0.709,0.705,-0.005,-0.001,0.70,-0.02,0.03,-0.03,0.13,-0.08,0.20,2048
2720,0.709,0.705,-0.005,-0.001,0.69,-0.02,0.03,-0.03,0.12,-0.08,0.20,2044
2736,0.709,0.705,-0.005,-0.001,0.67,-0.02,0.03,-0.03,0.11,-0.09,0.20,2040
2751,0.709,0.705,-0.005,-0.001,0.65,-0.01,0.03,-0.02,0.11,-0.09,0.19,2052
2765,0.709,0.705,-0.004,-0.001,0.69,-0.01,0.03,-0.02,0.10,-0.09,0.19,2048
2781,0.709,0.705,-0.004,-0.001,0.61,-0.01,0.03,-0.02,0.10,-0.09,0.19,2044
2796,0.709,0.705,-0.004,-0.001,0.58,-0.01,0.03,-0.02,0.09,-0.09,0.19,2036
2811,0.709,0.705,-0.003,-0.001,0.55,-0.01,0.03,-0.02,0.09,-0.10,0.18,2036
2826,0.709,0.705,-0.003,-0.001,0.52,-0.01,0.02,-0.02,0.08,-0.10,0.18,2044
2841,0.709,0.705,-0.003,-0.001,0.51,-0.00,0.02,-0.02,0.08,-0.10,0.18,2044
2856,0.709,0.705,-0.003,-0.001,0.49,-0.00,0.02,-0.02,0.08,-0.10,0.17,2048
2872,0.709,0.705,-0.003,-0.001,0.48,-0.00,0.02,-0.02,0.07,-0.10,0.17,2044
2887,0.709,0.705,-0.002,-0.001,0.49,-0.00,0.02,-0.02,0.07,-0.10,0.17,2048
2902,0.709,0.705,-0.002,-0.001,0.47,-0.00,0.02,-0.02,0.06,-0.10,0.16,2048




